[
  {
    "Id": 1,
    "Mileage": 360053,
    "Date": "",
    "PpL": "",
    "Amount": "",
    "Capacity": "",
    "PetrolStation": "Total",
    "LicensePlate": "KAL570Q",
    "AdditionalInfo": "Service"
  },
  {
    "Id": 2,
    "Mileage": 360934,
    "Date": "26-10-2018",
    "PpL": 115.7,
    "Amount": 3000,
    "Capacity": 25.93,
    "PetrolStation": "Total",
    "LicensePlate": "KAL570Q",
    "AdditionalInfo": ""
  },
  {
    "Id": 3,
    "Mileage": 361163,
    "Date": "02-11-2018",
    "PpL": 115.7,
    "Amount": 3500,
    "Capacity": 30.25,
    "PetrolStation": "Total",
    "LicensePlate": "KAL570Q",
    "AdditionalInfo": ""
  },
  {
    "Id": 4,
    "Mileage": 361429,
    "Date": "06-11-2018",
    "PpL": 115.7,
    "Amount": 4367,
    "Capacity": 37.75,
    "PetrolStation": "Total",
    "LicensePlate": "KAL570Q",
    "AdditionalInfo": ""
  },
  {
    "Id": 5,
    "Mileage": 361804,
    "Date": "18-11-2018",
    "PpL": 118.1,
    "Amount": 5000,
    "Capacity": 42.34,
    "PetrolStation": "Total",
    "LicensePlate": "KAL570Q",
    "AdditionalInfo": ""
  },
  {
    "Id": 6,
    "Mileage": 362104,
    "Date": "28-11-2018",
    "PpL": 118.1,
    "Amount": 4803,
    "Capacity": 40.6,
    "PetrolStation": "Total",
    "LicensePlate": "KAL570Q",
    "AdditionalInfo": ""
  },
  {
    "Id": 7,
    "Mileage": 362435,
    "Date": "14-11-2018",
    "PpL": 118.1,
    "Amount": 3000,
    "Capacity": 25.4,
    "PetrolStation": "Total",
    "LicensePlate": "KAL570Q",
    "AdditionalInfo": ""
  },
  {
    "Id": 8,
    "Mileage": 362625,
    "Date": "21-11-2018",
    "PpL": 113.9,
    "Amount": 4400,
    "Capacity": 38.77,
    "PetrolStation": "Total",
    "LicensePlate": "KAL570Q",
    "AdditionalInfo": ""
  },
  {
    "Id": 9,
    "Mileage": 363084,
    "Date": "23-12-2018",
    "PpL": 113.5,
    "Amount": 4500,
    "Capacity": 39.65,
    "PetrolStation": "Total",
    "LicensePlate": "KAL570Q",
    "AdditionalInfo": ""
  },
  {
    "Id": 10,
    "Mileage": 363458,
    "Date": "08-01-2019",
    "PpL": 113.5,
    "Amount": 4958,
    "Capacity": 43.69,
    "PetrolStation": "Total",
    "LicensePlate": "KAL570Q",
    "AdditionalInfo": ""
  },
  {
    "Id": 11,
    "Mileage": 363695,
    "Date": "19-01-2019",
    "PpL": 104.2,
    "Amount": 2894,
    "Capacity": 27.78,
    "PetrolStation": "Total",
    "LicensePlate": "KAL570Q",
    "AdditionalInfo": ""
  },
  {
    "Id": 12,
    "Mileage": 364114,
    "Date": "02-02-2019",
    "PpL": 104.2,
    "Amount": 4761,
    "Capacity": 45.7,
    "PetrolStation": "Total",
    "LicensePlate": "KAL570Q",
    "AdditionalInfo": ""
  },
  {
    "Id": 13,
    "Mileage": 364317,
    "Date": "08-02-2019",
    "PpL": 104,
    "Amount": 1500,
    "Capacity": 14.35,
    "PetrolStation": "Total",
    "LicensePlate": "KAL570Q",
    "AdditionalInfo": ""
  },
  {
    "Id": 14,
    "Mileage": 364680,
    "Date": "14-02-2019",
    "PpL": 104.2,
    "Amount": 4625,
    "Capacity": 44.39,
    "PetrolStation": "Total",
    "LicensePlate": "KAL570Q",
    "AdditionalInfo": ""
  },
  {
    "Id": 15,
    "Mileage": 365026,
    "Date": "19-02-2019",
    "PpL": "",
    "Amount": "",
    "Capacity": "",
    "PetrolStation": "Total",
    "LicensePlate": "KAL570Q",
    "AdditionalInfo": "Service"
  },
  {
    "Id": 16,
    "Mileage": 365044,
    "Date": "21-02-2019",
    "PpL": 100,
    "Amount": 4101,
    "Capacity": 41.01,
    "PetrolStation": "Total",
    "LicensePlate": "KAL570Q",
    "AdditionalInfo": ""
  },
  {
    "Id": 17,
    "Mileage": 365410,
    "Date": "01-03-2019",
    "PpL": 100.09,
    "Amount": 2000,
    "Capacity": 19.99,
    "PetrolStation": "Total",
    "LicensePlate": "KAL570Q",
    "AdditionalInfo": ""
  },
  {
    "Id": 18,
    "Mileage": 365651,
    "Date": "03-03-2019",
    "PpL": 100,
    "Amount": 4100,
    "Capacity": 41,
    "PetrolStation": "Total",
    "LicensePlate": "KAL570Q",
    "AdditionalInfo": ""
  },
  {
    "Id": 19,
    "Mileage": 365879,
    "Date": "07-03-2019",
    "PpL": 100,
    "Amount": 2085,
    "Capacity": 20.85,
    "PetrolStation": "Total",
    "LicensePlate": "KAL570Q",
    "AdditionalInfo": ""
  },
  {
    "Id": 20,
    "Mileage": 366222,
    "Date": "24-03-2019",
    "PpL": 101.3,
    "Amount": 3932.5,
    "Capacity": 38.82,
    "PetrolStation": "Total",
    "LicensePlate": "KAL570Q",
    "AdditionalInfo": ""
  },
  {
    "Id": 21,
    "Mileage": 366608,
    "Date": "05-04-2019",
    "PpL": 101.3,
    "Amount": 4082,
    "Capacity": 40.3,
    "PetrolStation": "Total",
    "LicensePlate": "KAL570Q",
    "AdditionalInfo": ""
  },
  {
    "Id": 22,
    "Mileage": 367020,
    "Date": "16-04-2019",
    "PpL": 106.6,
    "Amount": 4367.4,
    "Capacity": 40.97,
    "PetrolStation": "Total",
    "LicensePlate": "KAL570Q",
    "AdditionalInfo": ""
  },
  {
    "Id": 23,
    "Mileage": 367410,
    "Date": "29-04-2019",
    "PpL": 106.6,
    "Amount": 4618,
    "Capacity": 43.32,
    "PetrolStation": "Total",
    "LicensePlate": "KAL570Q",
    "AdditionalInfo": ""
  },
  {
    "Id": 24,
    "Mileage": 367780,
    "Date": "14-05-2019",
    "PpL": 106.6,
    "Amount": 4475,
    "Capacity": 41.98,
    "PetrolStation": "Total",
    "LicensePlate": "KAL570Q",
    "AdditionalInfo": ""
  },
  {
    "Id": 25,
    "Mileage": 368151,
    "Date": "02-06-2019",
    "PpL": 112,
    "Amount": 4610,
    "Capacity": 41.16,
    "PetrolStation": "Total",
    "LicensePlate": "KAL570Q",
    "AdditionalInfo": ""
  },
  {
    "Id": 26,
    "Mileage": 368583,
    "Date": "14-06-2019",
    "PpL": 112,
    "Amount": 5042,
    "Capacity": 45.02,
    "PetrolStation": "Total",
    "LicensePlate": "KAL570Q",
    "AdditionalInfo": ""
  },
  {
    "Id": 27,
    "Mileage": 368986,
    "Date": "30-06-2019",
    "PpL": 115.1,
    "Amount": 5040,
    "Capacity": 43.79,
    "PetrolStation": "Total",
    "LicensePlate": "KAL570Q",
    "AdditionalInfo": ""
  },
  {
    "Id": 28,
    "Mileage": 369408,
    "Date": "09-07-2019",
    "PpL": 115.1,
    "Amount": 4845,
    "Capacity": 42.1,
    "PetrolStation": "Total",
    "LicensePlate": "KAL570Q",
    "AdditionalInfo": ""
  },
  {
    "Id": 29,
    "Mileage": 369863,
    "Date": "21-07-2019",
    "PpL": 115.3,
    "Amount": 4525,
    "Capacity": 39.24,
    "PetrolStation": "Total",
    "LicensePlate": "KAL570Q",
    "AdditionalInfo": ""
  },
  {
    "Id": 30,
    "Mileage": 370281,
    "Date": "07-08-2019",
    "PpL": 115.3,
    "Amount": 5272.7,
    "Capacity": 45.73,
    "PetrolStation": "Total",
    "LicensePlate": "KAL570Q",
    "AdditionalInfo": ""
  },
  {
    "Id": 31,
    "Mileage": 370521,
    "Date": "14-08-2019",
    "PpL": "",
    "Amount": "",
    "Capacity": "",
    "PetrolStation": "Total",
    "LicensePlate": "KAL570Q",
    "AdditionalInfo": "Service"
  },
  {
    "Id": 32,
    "Mileage": 370741,
    "Date": "22-08-2019",
    "PpL": 112.9,
    "Amount": 5500,
    "Capacity": 48.89,
    "PetrolStation": "Total",
    "LicensePlate": "KAL570Q",
    "AdditionalInfo": ""
  },
  {
    "Id": 33,
    "Mileage": 371206,
    "Date": "29-08-2019",
    "PpL": 112.9,
    "Amount": 4991,
    "Capacity": 44.37,
    "PetrolStation": "Total",
    "LicensePlate": "KAL570Q",
    "AdditionalInfo": ""
  },
  {
    "Id": 34,
    "Mileage": 371717,
    "Date": "03-09-2019",
    "PpL": 112.9,
    "Amount": 4622,
    "Capacity": 41.09,
    "PetrolStation": "Total",
    "LicensePlate": "KAL570Q",
    "AdditionalInfo": ""
  },
  {
    "Id": 35,
    "Mileage": 372170,
    "Date": "10-09-2019",
    "PpL": 112.9,
    "Amount": 5352,
    "Capacity": 47.57,
    "PetrolStation": "Total",
    "LicensePlate": "KAL570Q",
    "AdditionalInfo": ""
  },
  {
    "Id": 36,
    "Mileage": 372627,
    "Date": "18-09-2019",
    "PpL": 112.8,
    "Amount": 4872,
    "Capacity": 43.19,
    "PetrolStation": "Total",
    "LicensePlate": "KAL570Q",
    "AdditionalInfo": ""
  },
  {
    "Id": 37,
    "Mileage": 373024,
    "Date": "29-09-2019",
    "PpL": 112.8,
    "Amount": 4911,
    "Capacity": 43.53,
    "PetrolStation": "Total",
    "LicensePlate": "KAL570Q",
    "AdditionalInfo": "Oil"
  },
  {
    "Id": 38,
    "Mileage": 373437,
    "Date": "09-10-2019",
    "PpL": 112.8,
    "Amount": 4820,
    "Capacity": 42.73,
    "PetrolStation": "Total",
    "LicensePlate": "KAL570Q",
    "AdditionalInfo": ""
  },
  {
    "Id": 39,
    "Mileage": 373876,
    "Date": "25-10-2019",
    "PpL": 108,
    "Amount": 5001.5,
    "Capacity": 46.31,
    "PetrolStation": "Total",
    "LicensePlate": "KAL570Q",
    "AdditionalInfo": ""
  },
  {
    "Id": 40,
    "Mileage": 373435,
    "Date": "09-11-2019",
    "PpL": 108,
    "Amount": 4948,
    "Capacity": 45.82,
    "PetrolStation": "Total",
    "LicensePlate": "KAL570Q",
    "AdditionalInfo": ""
  },
  {
    "Id": 41,
    "Mileage": 374755,
    "Date": "27-11-2019",
    "PpL": 110.5,
    "Amount": 1000,
    "Capacity": 9.04,
    "PetrolStation": "Total",
    "LicensePlate": "KAL570Q",
    "AdditionalInfo": ""
  },
  {
    "Id": 42,
    "Mileage": 374944,
    "Date": "02-12-2019",
    "PpL": 110.5,
    "Amount": 5444.3,
    "Capacity": 49.27,
    "PetrolStation": "Total",
    "LicensePlate": "KAL570Q",
    "AdditionalInfo": ""
  },
  {
    "Id": 43,
    "Mileage": 375335,
    "Date": "19-12-2019",
    "PpL": 109.9,
    "Amount": 4576,
    "Capacity": 41.79,
    "PetrolStation": "Total",
    "LicensePlate": "KAL570Q",
    "AdditionalInfo": ""
  },
  {
    "Id": 44,
    "Mileage": 375704,
    "Date": "25-12-2019",
    "PpL": 109.9,
    "Amount": 4030,
    "Capacity": 36.87,
    "PetrolStation": "Total",
    "LicensePlate": "KAL570Q",
    "AdditionalInfo": ""
  },
  {
    "Id": 45,
    "Mileage": 375877,
    "Date": "10-01-2020",
    "PpL": "",
    "Amount": "",
    "Capacity": "",
    "PetrolStation": "Total",
    "LicensePlate": "KAL570Q",
    "AdditionalInfo": "Service"
  },
  {
    "Id": 46,
    "Mileage": 376143,
    "Date": "17-01-2020",
    "PpL": 110.2,
    "Amount": 5248,
    "Capacity": 47.62,
    "PetrolStation": "Total",
    "LicensePlate": "KAL570Q",
    "AdditionalInfo": ""
  },
  {
    "Id": 47,
    "Mileage": 376508,
    "Date": "24-01-2020",
    "PpL": 110.2,
    "Amount": 4090,
    "Capacity": 37.12,
    "PetrolStation": "Total",
    "LicensePlate": "KAL570Q",
    "AdditionalInfo": ""
  },
  {
    "Id": 48,
    "Mileage": 376927,
    "Date": "30-01-2020",
    "PpL": 110.2,
    "Amount": 1500,
    "Capacity": 13.61,
    "PetrolStation": "Total",
    "LicensePlate": "KAL570Q",
    "AdditionalInfo": ""
  },
  {
    "Id": 49,
    "Mileage": 377071,
    "Date": "01-02-2020",
    "PpL": 110.2,
    "Amount": 4851,
    "Capacity": 44.02,
    "PetrolStation": "Total",
    "LicensePlate": "KAL570Q",
    "AdditionalInfo": ""
  },
  {
    "Id": 50,
    "Mileage": 377665,
    "Date": "12-02-2020",
    "PpL": 110.2,
    "Amount": 5035,
    "Capacity": 45.69,
    "PetrolStation": "Total",
    "LicensePlate": "KAL570Q",
    "AdditionalInfo": ""
  },
  {
    "Id": 51,
    "Mileage": 378096,
    "Date": "24-02-2020",
    "PpL": 112.8,
    "Amount": 5124.5,
    "Capacity": 45.43,
    "PetrolStation": "Shell",
    "LicensePlate": "KAL570Q",
    "AdditionalInfo": ""
  },
  {
    "Id": 52,
    "Mileage": 378489,
    "Date": "09-03-2020",
    "PpL": 112.8,
    "Amount": 5200,
    "Capacity": 46.1,
    "PetrolStation": "Shell",
    "LicensePlate": "KAL570Q",
    "AdditionalInfo": ""
  },
  {
    "Id": 53,
    "Mileage": 378865,
    "Date": "22-03-2020",
    "PpL": 110.8,
    "Amount": 1000,
    "Capacity": 9.02,
    "PetrolStation": "Shell",
    "LicensePlate": "KAL570Q",
    "AdditionalInfo": ""
  },
  {
    "Id": 54,
    "Mileage": 378955,
    "Date": "06-04-2020",
    "PpL": 110.8,
    "Amount": 4858,
    "Capacity": 43.89,
    "PetrolStation": "Total",
    "LicensePlate": "KAL570Q",
    "AdditionalInfo": ""
  },
  {
    "Id": 55,
    "Mileage": 379408,
    "Date": "03-05-2020",
    "PpL": 92.8,
    "Amount": 4126,
    "Capacity": 44.46,
    "PetrolStation": "Shell",
    "LicensePlate": "KAL570Q",
    "AdditionalInfo": ""
  },
  {
    "Id": 56,
    "Mileage": 380298,
    "Date": "08-06-2020",
    "PpL": "",
    "Amount": "",
    "Capacity": "",
    "PetrolStation": "Total",
    "LicensePlate": "KAL570Q",
    "AdditionalInfo": "Service no Oil FIlter"
  },
  {
    "Id": 57,
    "Mileage": 380946,
    "Date": "21-06-2020",
    "PpL": 89.12,
    "Amount": 2000,
    "Capacity": 22.44,
    "PetrolStation": "Shell",
    "LicensePlate": "KAL570Q",
    "AdditionalInfo": ""
  },
  {
    "Id": 58,
    "Mileage": 383297,
    "Date": "20-07-2020",
    "PpL": 100.4,
    "Amount": 1000,
    "Capacity": 9.96,
    "PetrolStation": "Shell",
    "LicensePlate": "KAL570Q",
    "AdditionalInfo": ""
  }
]